Beritabaru.co;b'Layanan Bus AKAP Dibuka Kembali, Jumlah Penumpang Cenderung Meningkat https://t.co/fN0MnjmCiH #NASIONAL #BusAKAP #LaranganMudik #OperasionalBus https://t.co/FvB7JrOvAf'
newsmerahputih;b'Larangan mudik berakhir, BPTJ catat penumpang AKAP meningkat.\n\n#merahputihcom #akap #bptj #laranganmudik #penumpangakap \nhttps://t.co/lXDCSGyHpz'
Polsek Sawahan Polrestabes Surabaya;b'#polripresisi\n#kapolrestabessurabaya\n#sktn2 \n#jogosuroboyo \n#netizenjatim\n#ojomudiknangomahwae\n#janganmudikdirumahaja\n#polisijatim\n#infopresisi\n#dirumahaja\n#janganmudik\n#laranganmudik\n#mudik \n#covid19\n#corona\n#vaksin\n#5M\n#ningpolwan\n#bokcomel https://t.co/AZeLjBeGkg'
Polsek Sawahan Polrestabes Surabaya;b'#polripresisi\n#kapolrestabessurabaya\n#sktn2 \n#jogosuroboyo \n#netizenjatim\n#ojomudiknangomahwae\n#janganmudikdirumahaja\n#polisijatim\n#infopresisi\n#dirumahaja\n#janganmudik\n#laranganmudik\n#mudik \n#covid19\n#corona\n#vaksin\n#5M\n#ningpolwan\n#bokcomel https://t.co/3JWCCEzVDn'
TIMES INDONESIA;b'Polda Metro Jaya mencatat 524 orang pemudik yang masuk ke Jakarta reaktif covid-19.\n#mudik #mudiklebaran2019 #mudiklebaran #mudik2021 #mudik2020 #mudik2019 #mudiklebaran #mudiklebaran2020 #mudiklebaran2021 #mudiklebaranku #laranganmudik #laranganmudik2021 \nhttps://t.co/dX1wPq6jUd https://t.co/hHLgrYTHe0'
MONITOR Indonesia;b'KRYD Berakhir Hari Ini, Korlantas Polri Tunggu Kebijakan Pemerintah Soal Pengetatan Arus Balik Pemudik  https://t.co/9XBIhEKPkj #KorlantasPolri #PengetatanArusBalikPemudik #KRYD #LaranganMudik'
Warta Kota Official;b'Hari Ini Masa Pengetatan Mudik Berakhir, Kakorlantas Polri: Tunggu Pemerintah Diperpanjang Tidaknya\n\nhttps://t.co/9qzKFakzX8\n\nDownload aplikasi Tribunnews untuk update berita terbaru\n\nDapatkan untuk Android: https://t.co/AEVHDGdHUB\n\n#LaranganMudik  #Kakorlantas #Polri #IdulFitri'
Namaku Boy;b'Ayoo gotong-royong sukseskan program vaksinasi #coronavirus #BersatuLawanCovid19 #vaksinaman #stophoaxviruscorona #vaksinhalal #COVID19 #laranganmudik https://t.co/kDuLfD9ftt'
Namaku Boy;b'Waspada gejala baru covid-19 #coronavirus #BersatuLawanCovid19 #vaksinaman #stophoaxviruscorona #vaksinhalal #COVID19 #laranganmudik https://t.co/UwAaPLLFt1'
Namaku Boy;b'Gerakan 5M dan patuhi protokol kesehatan covid-19 #coronavirus #BersatuLawanCovid19 #vaksinaman #stophoaxviruscorona #vaksinhalal #COVID19 #laranganmudik https://t.co/1ZqhE4p7IM'
Namaku Boy;b'Setelah vaksinasi jangan lupa tetap terapkan protokol kesehatan covid-19 #coronavirus #BersatuLawanCovid19 #vaksinaman #stophoaxviruscorona #vaksinhalal #COVID19 #laranganmudik https://t.co/bT9cAYUdHk'
Namaku Boy;b'Ayoo sukseskan vaksinasi di seluruh indonesia #coronavirus #BersatuLawanCovid19 #vaksinaman #stophoaxviruscorona #vaksinhalal #COVID19 #laranganmudik https://t.co/JBOzIiY5ry'
Namaku Boy;b'2021 vaksin akan menormalkan seperti sedia kala #coronavirus #BersatuLawanCovid19 #vaksinaman #stophoaxviruscorona #vaksinhalal #COVID19 #laranganmudik https://t.co/mYQtx6OymD'
JPNN.com;b'Pakar kebijakan publik menyebut pelarangan mudik sebagai upaya pemerintah mencegah penyebaran Covid-19 sudah ketinggalan zaman #laranganmudik https://t.co/2WNAtQ7w9a'
NusaBali.com;b'Efek Larangan Mudik, Pengujung Pantai Melasti Naik 100 Persen https://t.co/UfNmEulcRV #berita #laranganmudik #nusabali #PantaiMelasti #PariwisataBali'
suaradotcom;b'Larangan mudik sudah berakhir pada tanggal 17 Mei 2021 lalu, Namun pemerintah tetap menerapkan pengetatan perjalanan mulai 18 - 24 Mei 2021. Simak persyaratannya!\n\n#mudik2021 #mudik #laranganmudik #kendaraanmudik #syaratperjalanan https://t.co/cjMuOuNYnq'
Andespen;b'Hayo Sadar Diri, Yang Mudik Wajib Karantina Mandiri\n\n#mudik #mudik2021 #laranganmudik #dilarangmudik #RakyatMerdeka #RMid\n\nhttps://t.co/chS4b6gImF'
penguasa timur;b'RT @Demokrat_TV: WNA Masuk Indonesia di Tengah Larangan Mudik, Legislator Demokrat: Kebijakan Pemerintah Kontraproduktif\n\n@syariefhasan\n#WN\xe2\x80\xa6'
lensaindonesia.com;b'Pasca larangan mudik berakhir, ini pesan Doni Monardo agar tidak terjadi gelombang kedua https://t.co/xbfptxZMKw\n\n#pascalaranganmudik #laranganmudik #satgascovid19 #penanganancovid19 #Lensaindonesiacom'
Super Radio;b'Larangan Mudik Kurang Efektif, Pakar Kebijakan Publik: Birokrasi Represif Sudah Tidak Zaman #BirokrasiRepresifSudahTidakZaman #Laranganmudik #LaranganMudikKurangEfektif #PakarKebijakanPublik #unair\n\nhttps://t.co/VU75aI53hN https://t.co/cgrPI14khL'
NusaBali.com;b'Cegah Penyelundup, Polsek Negara Atensi Kawasan Pesisir https://t.co/shcMLvOAH3 #berita #nusabali #PolsekNegara #Penyelundupan #ArusBalik #lebaran  #laranganmudik'
NusaBali.com;b'Ratusan Mobil Diperiksa di Pos Penyekatan Uma Anyar https://t.co/AnN5jhxzZo #berita #nusabali #Pandemi #ArusBalik #Lebaran #laranganmudik'
Yasni Nazar;b'RT @Demokrat_TV: WNA Masuk Indonesia di Tengah Larangan Mudik, Legislator Demokrat: Kebijakan Pemerintah Kontraproduktif\n\n@syariefhasan\n#WN\xe2\x80\xa6'
Movere;b'Negri kita masih baik, dgn tingkatan #laranganmudik, negri sekitar sudah #lockdown2021 Malaysia, Singapura, negara2 di Eropa. Taiwan,  masyarkatnya adakan lockdown sendiri, disiplin. Secara umum terjadi didunia,takut tragedi India, larangan ini BENAR dan tidak boleh dibandingkan'
Movere;b'#laranganmudik melibatkan jutaan orang, dengan.potensi perkembangan saling menularkan seperti turunnya bola salju gunung es , turun makin membesar dan berpotensi kehancuran dasyat'
Movere;b'Banyak orang begitu pandainya, sehingga sering alpa memisahkan kejadian satu dengan lainnya. Contohnya, membandingkan masuknya tenaga kerja luar  ataupun pekerja pembawa kargo saat membawa barang  dengan #laranganmudik.  Tidak RELEVAN dan tidak bisa dibandingkan. Kasus tidak sama'
Ibu Pertiwi Menangis;b'RT @Demokrat_TV: WNA Masuk Indonesia di Tengah Larangan Mudik, Legislator Demokrat: Kebijakan Pemerintah Kontraproduktif\n\n@syariefhasan\n#WN\xe2\x80\xa6'
Plonk Pedia;b'RT @Demokrat_TV: Legislator Demokrat soal WNA Masuk Indonesia: Pemerintah Jangan Buat Kebijakan yang Menimbulkan Gejolak\n\n@lasmi_indaryani\xe2\x80\xa6'
The Corona;b'RT @Demokrat_TV: WNA Masuk Indonesia di Tengah Larangan Mudik, Legislator Demokrat: Kebijakan Pemerintah Kontraproduktif\n\n@syariefhasan\n#WN\xe2\x80\xa6'
Ossy Dermawan;b'RT @Demokrat_TV: WNA Masuk Indonesia di Tengah Larangan Mudik, Legislator Demokrat: Kebijakan Pemerintah Kontraproduktif\n\n@syariefhasan\n#WN\xe2\x80\xa6'
lucy napitupulu;b'RT @Demokrat_TV: Legislator Demokrat soal WNA Masuk Indonesia: Pemerintah Jangan Buat Kebijakan yang Menimbulkan Gejolak\n\n@lasmi_indaryani\xe2\x80\xa6'
Sartono Hutomo;b'RT @Demokrat_TV: WNA Masuk Indonesia di Tengah Larangan Mudik, Legislator Demokrat: Kebijakan Pemerintah Kontraproduktif\n\n@syariefhasan\n#WN\xe2\x80\xa6'
Makmur;b'RT @Demokrat_TV: WNA Masuk Indonesia di Tengah Larangan Mudik, Legislator Demokrat: Kebijakan Pemerintah Kontraproduktif\n\n@syariefhasan\n#WN\xe2\x80\xa6'
BP2D Jabar | #75TahunJabar;b'@ridwankamiL @PaUuRuzhanul @SWangsaatmaja\n\n#JabarJuaraLahirBatin #RidwanKamil #UuRuzhanulUlum #BP2DJabar #Mudik #MudikLebaran #Mudik2021 #LaranganMudik #lebaran #Halalbihalal #IdulFitri2021 #IdulFitri1442h #IdulFitri #eidmubarak #LitbangJuara #WestJava #JawaBarat #jabar https://t.co/2eU7fzMBIh'
amien xkw;b'RT @idlc_id: 1.Halo, jumpa lagi dengan kultweet Kamis sore 20 Mei 2021 kali ini dengan judul Larangan Mudik \xe2\x80\x93 Harapan dan Realitas. Yuk mul\xe2\x80\xa6'
IDLC;b'1.Halo, jumpa lagi dengan kultweet Kamis sore 20 Mei 2021 kali ini dengan judul Larangan Mudik \xe2\x80\x93 Harapan dan Realitas. Yuk mulai sekarang..\n\n#irmadevitalearningcenter\n#idlc\n#laranganmudik https://t.co/2jZQGtybu7'
Limapagi;b'Masa larangan mudik resmi usai hari Senin kemarin. Maskapai Lion Air pun mengeluarkan syarat terbaru untuk penerbangan domestik. Simak selengkapnya di https://t.co/xxOE3Qy2cZ\n#Travel #LaranganMudik #LionAir \n\nhttps://t.co/DOOD1okbCX'
edy siregar;b'RT @Demokrat_TV: WNA Masuk Indonesia di Tengah Larangan Mudik, Legislator Demokrat: Kebijakan Pemerintah Kontraproduktif\n\n@syariefhasan\n#WN\xe2\x80\xa6'
OmarTara;b'RT @Demokrat_TV: WNA Masuk Indonesia di Tengah Larangan Mudik, Legislator Demokrat: Kebijakan Pemerintah Kontraproduktif\n\n@syariefhasan\n#WN\xe2\x80\xa6'
OmarTara;b'RT @Demokrat_TV: Legislator Demokrat soal WNA Masuk Indonesia: Pemerintah Jangan Buat Kebijakan yang Menimbulkan Gejolak\n\n@lasmi_indaryani\xe2\x80\xa6'
